,username,date,message,topic
0,Gazagog,29 novembre 2022 √† 09:17:05," https://mobile.twitter.com/ProfSansFiltre/status/1597188739423698947, Il se demande la raison, votre explication ?  ",Ce PROF de SIXI√àME est √† BOUT de NERFS √† cause D'√âL√àVES TURBULENTS !
1,Gazagog,29 novembre 2022 √† 09:17:46," Attention il strike les mauvaises r√©ponses , https://mobile.twitter.com/ProfSansFiltre/status/1597189640435294209 ",Ce PROF de SIXI√àME est √† BOUT de NERFS √† cause D'√âL√àVES TURBULENTS !
2,JeanFlibuste-19,29 novembre 2022 √† 09:18:27, Turbulented ,Ce PROF de SIXI√àME est √† BOUT de NERFS √† cause D'√âL√àVES TURBULENTS !
3,Papignolles_1,29 novembre 2022 √† 09:18:35," ""Prof sans filtre""    ",Ce PROF de SIXI√àME est √† BOUT de NERFS √† cause D'√âL√àVES TURBULENTS !
4,ProGokuSSJ3LR,29 novembre 2022 √† 09:19:01, Un gauchiste qui dit les termes mais qui n'assume pas s√©lection pour lui  ,Ce PROF de SIXI√àME est √† BOUT de NERFS √† cause D'√âL√àVES TURBULENTS !
5,Suppo2Satan,29 novembre 2022 √† 09:19:45, En tout cas √ßa n'a rien √† voir avec l'origine sociale ou ethnique forc√©ment. Et √ßa peut pas venir de lui non plus sinon il poserait pas la question  ,Ce PROF de SIXI√àME est √† BOUT de NERFS √† cause D'√âL√àVES TURBULENTS !
6,tau_rho,29 novembre 2022 √† 09:19:49, Marmito-gauchiste #ScrountchScrountch   ,Ce PROF de SIXI√àME est √† BOUT de NERFS √† cause D'√âL√àVES TURBULENTS !
7,Baccalieri,29 novembre 2022 √† 09:21:21, Prof sans filtre qui filtre ce qui va pas dans son sens Prof sans filtre qui a gliss√© son petit bulletin Macron pour faire barrage et qui vient chouiner sur les rs du fruit de l‚Äôarbre qu‚Äôil a plant√©  ,Ce PROF de SIXI√àME est √† BOUT de NERFS √† cause D'√âL√àVES TURBULENTS !
8,Raviolissou,29 novembre 2022 √† 09:21:30, Elle est bien bonne pour quelqu'un qui filtre les r√©ponses  ,Ce PROF de SIXI√àME est √† BOUT de NERFS √† cause D'√âL√àVES TURBULENTS !
9,__Balthazar__,29 novembre 2022 √† 09:21:39, Lol c'est pas en √©ludant que √ßa va s'arranger ,Ce PROF de SIXI√àME est √† BOUT de NERFS √† cause D'√âL√àVES TURBULENTS !
10,JanUllrichFDJ,29 novembre 2022 √† 09:22:41,  ,Ce PROF de SIXI√àME est √† BOUT de NERFS √† cause D'√âL√àVES TURBULENTS !
11,Vasherno,29 novembre 2022 √† 09:23:13," Les r√©ponses me fument, ils font tout pour √©viter de dire l'√©vidence  ",Ce PROF de SIXI√àME est √† BOUT de NERFS √† cause D'√âL√àVES TURBULENTS !
12,CalmonsNosSexe,29 novembre 2022 √† 09:23:20, ayaa ¬´¬†sans filtre¬†¬ª mais filtre les r√©ponses ,Ce PROF de SIXI√àME est √† BOUT de NERFS √† cause D'√âL√àVES TURBULENTS !
13,Pingouin_005,29 novembre 2022 √† 09:23:21, Compris les fachos ?  ,Ce PROF de SIXI√àME est √† BOUT de NERFS √† cause D'√âL√àVES TURBULENTS !
14,Groscharclo4,29 novembre 2022 √† 09:23:29, √áa doit √™tre en fonction du starter pok√©mon alors ,Ce PROF de SIXI√àME est √† BOUT de NERFS √† cause D'√âL√àVES TURBULENTS !
15,Nonpl,29 novembre 2022 √† 09:23:34," C'est un compte troll c'est pas possible , Si ca ne l'est pas.........alors ca fait quoi d'avoir a assumer les cons√©quences de ton vote  ",Ce PROF de SIXI√àME est √† BOUT de NERFS √† cause D'√âL√àVES TURBULENTS !
16,Payper20Rivaol,29 novembre 2022 √† 09:23:55," Prof sans filtre √áa n'existe pas, ou alors un ex prof , ""je strike les mauvaises r√©ponses""C'est s√ªr que si on r√©duit le d√©bat au cadre qu'il impose lui m√™me on va pouvoir avancer  ",Ce PROF de SIXI√àME est √† BOUT de NERFS √† cause D'√âL√àVES TURBULENTS !
17,Chess19,29 novembre 2022 √† 09:24:15," Que veux-tu, s'ils devaient arranger les choses ils seraient oblig√©s d'avouer qu'ils ont fait fausse route pendant des d√©cennies, et que ceux qu'ils appelaient fachos avaient en fait raison , Du coup ils font des threads Twitter pour se sentir exister (mais avec des r√©ponses filtr√©es hein !) ",Ce PROF de SIXI√àME est √† BOUT de NERFS √† cause D'√âL√àVES TURBULENTS !
18,PROUTINENT,29 novembre 2022 √† 09:24:29, M√©rit√© pour ce gauchiste de merde ,Ce PROF de SIXI√àME est √† BOUT de NERFS √† cause D'√âL√àVES TURBULENTS !
19,MacronZeBoss,29 novembre 2022 √† 09:25:14,  ,Ce PROF de SIXI√àME est √† BOUT de NERFS √† cause D'√âL√àVES TURBULENTS !
0,Demaenetus,29 novembre 2022 √† 09:41:48," L√† je suis en train de faire un dossier pour le renouvellement , Et j'ai re√ßu une lettre de la caf me disant que je pouvais toucher l'aah sans limitation de dur√©e ,    ",Je touche L'AAH
1,MacronZeBoss,29 novembre 2022 √† 09:42:46, Ok l'handicap√©.  ,Je touche L'AAH
2,Demaenetus,29 novembre 2022 √† 09:42:52, AAH √† vie  je peux m'acheter une maison de village √† la campagne  ,Je touche L'AAH
3,Demaenetus,29 novembre 2022 √† 09:43:33, Et oui mais je pr√©f√®re ma vie √† celle d'un esclave  ,Je touche L'AAH
4,Courageuh_4,29 novembre 2022 √† 09:44:30, Eh merce V√©roniquent   ,Je touche L'AAH
5,Line0_7,29 novembre 2022 √† 09:44:59, Putain le dream. ,Je touche L'AAH
6,Courageuh_4,29 novembre 2022 √† 09:45:09, Mais vu ton deuxi√®me lien rien n'est certifi√© √† 100% encore si ? Pour la dur√©e illimit√©e ,Je touche L'AAH
7,MPLS,29 novembre 2022 √† 09:45:18, d'accord l'handicap√© n'oublies pas tes cachetons surtout pendant qu'on vit notre meilleur vie ,Je touche L'AAH
8,DeathCronatrap,29 novembre 2022 √† 09:46:04,  ,Je touche L'AAH
9,Demaenetus,29 novembre 2022 √† 09:47:24," , Oui dream AAH  Si c'est accord√© √† vie j'irais vivre dans la Bretagne , Non rien n'est certifi√© √† 100% je fais juste la demande l√†, Rage pas  ",Je touche L'AAH
10,SoldatGaulois80,29 novembre 2022 √† 09:47:52, Je gagne 4X ton salaire d'handicaper en foutant rien    Je te laisse pas 2 ans avant que t'es une merde le d√©chet   ,Je touche L'AAH
11,MPLS,29 novembre 2022 √† 09:48:33," rente immobilli√®re, je touche 5x ton AAH sans rien faireallez ciao l'handicap√© mental  ",Je touche L'AAH
12,Courageuh_4,29 novembre 2022 √† 09:49:06," Oui viens en Bretagne cl√©, enfin choisis bien car √ßa peut √™tre soit l'enfer soit le ParadisL'enfer perso mais bient√¥t en bord de mer et appartement ou maison bien isol√©e ",Je touche L'AAH
13,Davidlynchage23,29 novembre 2022 √† 09:49:29, Moi aussi mais j'ai entre 50% et 79% ,Je touche L'AAH
14,MacronZeBoss,29 novembre 2022 √† 09:49:55," Pareil je gagne 4 fois son salaire le taff est tranquille et y'a une bonne ambiance on rigole bien., L'op chez lui seul avec 850‚Ç¨.  ",Je touche L'AAH
15,Davidlynchage23,29 novembre 2022 √† 09:52:08," On conjugue donc : , Avant que je suis une merdeAvant que tu es une merdeAvant qu'il est une merdeAvant que nous sommes des merdesAvant que vous √™tes des merdesAvant qu'ils sont des merdes ",Je touche L'AAH
16,Krovan37,29 novembre 2022 √† 09:52:18," T√©l√©travail dream, Jen branle pas une aujourd‚Äôhui et j‚Äôai un bien meilleur salaire que ton allocation l‚Äôop , Paix sur toi quand m√™me  ",Je touche L'AAH
17,PoufPouetPouf,29 novembre 2022 √† 09:52:47, 4x l'AAH sans m√™me savoir √©crire ? GG ,Je touche L'AAH
18,RalphDibny,29 novembre 2022 √† 09:53:09, oui mais tu es imposable   ,Je touche L'AAH
19,Krovan37,29 novembre 2022 √† 09:54:23," Et alors ? Je me retrouve avec beaucoup plus que toi √† la fin du mois, + une retraite qui sera plus √©lev√©e  ",Je touche L'AAH
0,APT-PURGE,29 novembre 2022 √† 09:16:00," Ils sont o√π el famoso b√©n√©fices tant ventax ? , J'ai juste envie de me fap , Bon au moins, √ßa m'a permis de stop le pron, donc je suppose que c'√©tait pas totalement vain , Jeudi (le premier d√©cembre) j'vais me taper une de ces √©jac  ",29 jours de NOFAP = toujours 0 BENEFICES
1,kobemuls,29 novembre 2022 √† 09:16:57, √áa arrivera quand tu t'y attendra le moins ,29 jours de NOFAP = toujours 0 BENEFICES
2,Pingouin_005,29 novembre 2022 √† 09:17:23," Eh oui, √ßa ne sert √† rien., Les incels repoussants qui pensent qu'arr√™ter de se la toucher augmente la testo, alors qu'ils auront toujours 0 couille (pleine  ) d'aborder les filles. ",29 jours de NOFAP = toujours 0 BENEFICES
3,APT-PURGE,29 novembre 2022 √† 09:17:59, Comme mon d√©pucelage ?  ,29 jours de NOFAP = toujours 0 BENEFICES
4,Moine-Samourai,29 novembre 2022 √† 09:18:29," La masturbation est un acte naturelle qui a une utilit√© psychologique et physiologique., Je ne comprend pas pourquoi vous vous infligez cette torture, alors que c'est le meilleur anti-stress naturelle. M√™me les singes se tapent des queues apr√®s une mont√©e d'adr√©naline., Tu as cru que tu allais te transformer en super cl√© de level 3 comme Sangoku en arr√™tant de tirer sur ton bout ?, Pauvre cl√© influen√ßable.,  ",29 jours de NOFAP = toujours 0 BENEFICES
5,APT-PURGE,29 novembre 2022 √† 09:18:33, J'peux pas aborder je suis trop HORNY  ,29 jours de NOFAP = toujours 0 BENEFICES
6,DanGreen,29 novembre 2022 √† 09:18:40, Si tu t'astouilles 3 fois par jour depuis 15 ans √ßa va pas changer du tout au tout en un moins ,29 jours de NOFAP = toujours 0 BENEFICES
7,AntoineFandePS3,29 novembre 2022 √† 09:19:08," C'est du plac√©bo, voil√† la redpill  ",29 jours de NOFAP = toujours 0 BENEFICES
8,APT-PURGE,29 novembre 2022 √† 09:19:57," 3 fois par jour seulement en week-end, sinon on est plut√¥t sur du 1/jour  ",29 jours de NOFAP = toujours 0 BENEFICES
9,APT-PURGE,29 novembre 2022 √† 09:20:49," Le concept du placebo, c'est pas justement d'avoir une am√©lioration qui est faussement li√© √† un comportement ? , Car j'ai 0 am√©lioration, je suis le m√™me qu'au 01/11, juste BEAUCOUP plus HORNY  ",29 jours de NOFAP = toujours 0 BENEFICES
10,artistepenseur,29 novembre 2022 √† 09:22:00," Surtout que le pic de testo quand tu n'ejac pas arriv√© au bout d'1 semaine, apr√®s √ßa redescend ",29 jours de NOFAP = toujours 0 BENEFICES
11,DanGreen,29 novembre 2022 √† 09:22:06, Non.Gros malaise les coomers. ,29 jours de NOFAP = toujours 0 BENEFICES
12,APT-PURGE,29 novembre 2022 √† 09:22:48," sauf que j'ai eu des √©jacs nocture, donc j'ai eu plusieurs pic de testo, c'est relou  ",29 jours de NOFAP = toujours 0 BENEFICES
13,DrRaoulDuke2,29 novembre 2022 √† 09:23:14," le nofap, c est comme le wokisme...une connerie sans int√©r√™t √† la mode suivie par une bande de mouton cr√©dule   ",29 jours de NOFAP = toujours 0 BENEFICES
14,MeteoriteDeCum,29 novembre 2022 √† 09:23:36," cl√© va te branler c'est bon, juste pas sur du pornOn vous a d√©j√† r√©p√©t√© 1000 fois , masturbation : normalporno : mauvais ",29 jours de NOFAP = toujours 0 BENEFICES
15,Steinherr,29 novembre 2022 √† 09:24:08, Encore un mois et tu ma√Ætriseras les √©l√©ments  ,29 jours de NOFAP = toujours 0 BENEFICES
16,APT-PURGE,29 novembre 2022 √† 09:24:41," Non, je me faperais le 01/12, pas avant  ",29 jours de NOFAP = toujours 0 BENEFICES
17,APT-PURGE,29 novembre 2022 √† 09:25:07," La foudre &gt; all, en d√©pit de  ",29 jours de NOFAP = toujours 0 BENEFICES
18,MeteoriteDeCum,29 novembre 2022 √† 09:26:43," D'un point de vu symbolique je comprends que tu ais envie de passer le cap des 1 moisJ'esp√®re qu'apr√®s √ßa tu arr√™teras le porn, ou au moins que tu r√©duiras ta conso ",29 jours de NOFAP = toujours 0 BENEFICES
19,BEAST_1,29 novembre 2022 √† 09:28:37," Le probl√®me c'est que √† chaque fois que je go branlette sans porn, je finis toujours par reglisser  ",29 jours de NOFAP = toujours 0 BENEFICES
0,,28 novembre 2022 √† 14:54:35," Pour une raison que j'ignore, le topic originel √† saut√©. On attend sa restauration.Il s'av√®re que des p'tits malins cr√©√©ent un tas de doublons et s'amusent √† delete leur topic pour faire rager. (S√ªrement des rageux de la d√©faite contre le Maroc  )Du coup, ce topic servira de topic officiel en attendant la restauration de l'original.  Bises les kheys. ,                                ,  La Coupe du monde de football de 2022 est la 22√®me √©dition de la Coupe du monde de football masculin, comp√©tition organis√©e par la FIFA et qui r√©unit les meilleures s√©lections nationales. Elle se d√©roule au Qatar du 21 novembre au 18 d√©cembre 2022.La Coupe du monde de 2022 est la septi√®me et derni√®re √©dition du Mondial √† compter 32 participants (depuis 1998), le tournoi passera √† 48 √©quipes en 2026 ,          , üé∂ Hymne officiel du Mondial 2022 üé∂Trinidad Cardona, Davido and Aisha - Hayya Hayya : https://www.youtube.com/watch?v=vyDjFVZgJoo, Coup d'envoi du match d'ouverture ( Qatar - √âquateur ) donn√© √† 13H (Heure de Doha) 12H (Heure de Paris) au Stade Al Bayt, Al-Khor:g),          , ‚öΩÔ∏è 32 √©quipes du monde entier ‚öΩÔ∏è 8 groupes de 4 √©quipes chacune ‚öΩÔ∏è 64 rencontres‚öΩÔ∏è 8 stades, Les groupes:,  , üìÖ CALENDRIER DES MATCHES: üìÖ,  (phase de groupes A √† D) (phase de groupes E √† H) (1/8 √† 1/2 de finale) (Finales),  Coup d'envoi du match de fermeture donn√© √† 18H (Heure de Doha) 17H (Heure de Paris) au Lusail Iconic Stadium, Lusail:g),          ,  Les 3 matches des bleus √† ne pas manquer sur TF1: , Stades s√©lectionn√©s pour la Coupe du Monde üèü,  ,  Liens utiles:, TF1 : https://www.tf1.fr/direct Fr2 : https://www.france.tv/france-2/replay-videos/ M6 : https://www.6play.fr/m6/direct W9 : https://www.6play.fr/w9/directbeIN SPORTS (15 ‚Ç¨/mois sans engagement) : https://connect.beinsports.com/france/,         , Equipe de France : https://www.fff.fr/ Twitter EdF : https://twitter.com/equipedefranceYoutube EdF : https://www.youtube.com/channel/UCeJlXGyEl7kBgQJKADAHM3A, Actualit√©s : https://www.google.fr/search?q=coupe+du+monde+2022&amp;biw=1366&amp;bih=657&amp;tbm=nws&amp;ei=pCVHYtWjNo74gQbT4L6oBQ&amp;ved=0ahUKEwjVhZ3xofP2AhUOfMAKHVOwD1UQ4dUDCA0&amp;uact=5&amp;oq=coupe+du+monde+2022&amp;gs_lcp=Cgxnd3Mtd2l6LW5ld3MQAzILCAAQgAQQsQMQgwEyCwgAEIAEELEDEIMBMgsIABCABBCxAxCDATILCAAQgAQQsQMQgwEyCwgAEIAEELEDEIMBMgsIABCABBCxAxCDATILCAAQgAQQsQMQgwEyCwgAEIAEELEDEIMBMgsIABCABBCxAxCDATILCAAQgAQQsQMQgwE6CAgAELEDEIMBOgQIABBDOgUIABCABDoICAAQgAQQsQNQ8gdYpglg2RFoAHAAeACAAV6IAZACkgEBM5gBAKABAcABAQ&amp;sclient=gws-wiz-news,  Stickers du supporter :           ","üèÜ‚öΩÔ∏è Coupe du Monde de la FIFA 2022, Qatar ‚öΩÔ∏èüèÜ."
1,Always-Winners,28 novembre 2022 √† 14:55:07, 2-0 r√©sultat logique?  que peut t-on attendre de cette √©quipe de Cor√©e ?  ,"üèÜ‚öΩÔ∏è Coupe du Monde de la FIFA 2022, Qatar ‚öΩÔ∏èüèÜ."
2,fion2pvtiste,28 novembre 2022 √† 14:55:13, Je regarde le match depuis seoul je vous assure que √ßa tire la gueule ici ahi ,"üèÜ‚öΩÔ∏è Coupe du Monde de la FIFA 2022, Qatar ‚öΩÔ∏èüèÜ."
3,Castanerdi,28 novembre 2022 √† 14:55:26, Youpi  ,"üèÜ‚öΩÔ∏è Coupe du Monde de la FIFA 2022, Qatar ‚öΩÔ∏èüèÜ."
4,AnjouAstral46,28 novembre 2022 √† 14:55:32," First + la modo est incomp√©tente d'apr√®s mon VDD, c'est pas moi qui le dit ","üèÜ‚öΩÔ∏è Coupe du Monde de la FIFA 2022, Qatar ‚öΩÔ∏èüèÜ."
5,DimorphismeQUI,28 novembre 2022 √† 14:55:32," Enfin, bougez-vous quoi  ","üèÜ‚öΩÔ∏è Coupe du Monde de la FIFA 2022, Qatar ‚öΩÔ∏èüèÜ."
6,Bert-Ro2,28 novembre 2022 √† 14:55:36, Enfin !!!! ,"üèÜ‚öΩÔ∏è Coupe du Monde de la FIFA 2022, Qatar ‚öΩÔ∏èüèÜ."
7,Euron,28 novembre 2022 √† 14:55:38," Premiere pagination, Edit : soutien inconditionnel et sans failles √† mon pays, la grande Belgique   ","üèÜ‚öΩÔ∏è Coupe du Monde de la FIFA 2022, Qatar ‚öΩÔ∏èüèÜ."
8,Wiverns4,28 novembre 2022 √† 14:55:42, Vivement la restauration ,"üèÜ‚öΩÔ∏è Coupe du Monde de la FIFA 2022, Qatar ‚öΩÔ∏èüèÜ."
9,Godzao_V5,28 novembre 2022 √† 14:55:43,    ,"üèÜ‚öΩÔ∏è Coupe du Monde de la FIFA 2022, Qatar ‚öΩÔ∏èüèÜ."
10,SUNTZU-999,28 novembre 2022 √† 14:55:44," ALLEZ LES BLEUS  ,  ","üèÜ‚öΩÔ∏è Coupe du Monde de la FIFA 2022, Qatar ‚öΩÔ∏èüèÜ."
11,Hanouna2027,28 novembre 2022 √† 14:55:47," Oui , Comme beaucoup de topics que les auteurs s'amusent √† supprimer  ","üèÜ‚öΩÔ∏è Coupe du Monde de la FIFA 2022, Qatar ‚öΩÔ∏èüèÜ."
12,Mebesir6,28 novembre 2022 √† 14:55:47, Ah enfin alors c'√©tait pas vous les 410 ?  ,"üèÜ‚öΩÔ∏è Coupe du Monde de la FIFA 2022, Qatar ‚öΩÔ∏èüèÜ."
13,Hitmap22,28 novembre 2022 √† 14:55:48,    ,"üèÜ‚öΩÔ∏è Coupe du Monde de la FIFA 2022, Qatar ‚öΩÔ∏èüèÜ."
14,Always-Winners,28 novembre 2022 √† 14:55:55,   ,"üèÜ‚öΩÔ∏è Coupe du Monde de la FIFA 2022, Qatar ‚öΩÔ∏èüèÜ."
15,War_Dawn,28 novembre 2022 √† 14:55:58, MODO SUPPRIME  ,"üèÜ‚öΩÔ∏è Coupe du Monde de la FIFA 2022, Qatar ‚öΩÔ∏èüèÜ."
16,FinirDansSlip,28 novembre 2022 √† 14:56:00, Yes papy ,"üèÜ‚öΩÔ∏è Coupe du Monde de la FIFA 2022, Qatar ‚öΩÔ∏èüèÜ."
17,Hanouna2027,28 novembre 2022 √† 14:56:01,  ,"üèÜ‚öΩÔ∏è Coupe du Monde de la FIFA 2022, Qatar ‚öΩÔ∏èüèÜ."
18,Euron,28 novembre 2022 √† 14:56:08, Allez les diables rouges  ,"üèÜ‚öΩÔ∏è Coupe du Monde de la FIFA 2022, Qatar ‚öΩÔ∏èüèÜ."
19,RevueDePresseUL,28 novembre 2022 √† 14:56:12," ahi adieu le premier papyrus, coup dur  ","üèÜ‚öΩÔ∏è Coupe du Monde de la FIFA 2022, Qatar ‚öΩÔ∏èüèÜ."
0,Fenharel42,27 novembre 2022 √† 19:51:47," Ba alors ils font la promo de la p√©dophilie avec des ""clins d'oeil"" cach√© en rapport avec la p√©dophilie notamment les yeux de la peluche , ou les papier judiciaire poarlant de ""child abuse et de virtual porn child"" , et aucun m√©dia n'en parle? √©tonnant dis donc , les golems qui nous disent ""gn√© gn√© complotiste "" ils sont ou? ","la p√©dophilie de Balenciaga , personne en parle dans les m√©dias?:)"
1,Lefeu14,27 novembre 2022 √† 19:52:33, Envoie un lien khey ,"la p√©dophilie de Balenciaga , personne en parle dans les m√©dias?:)"
2,62cup,27 novembre 2022 √† 19:52:52, les m√©dias leurs appartiennent ,"la p√©dophilie de Balenciaga , personne en parle dans les m√©dias?:)"
3,JackLeVert_007,27 novembre 2022 √† 19:53:19," Il est catholique, donc √ßa n'int√©resse pas 'es fachos ","la p√©dophilie de Balenciaga , personne en parle dans les m√©dias?:)"
4,daronachier,27 novembre 2022 √† 19:53:40," ""Aucun m√©dia n'en parle ? COMPLOT "" , https://www.bfmtv.com/replay-emissions/le-choix-d-angele/le-choix-de-marie-le-nouveau-bad-buzz-de-balenciaga-pour-sa-campagne-polemique-avec-des-enfants_VN-202211250123.html, https://www.lefigaro.fr/industrie-mode/balenciaga-s-excuse-pour-sa-campagne-tres-controversee-mettant-en-scene-des-enfants-20221123, + Je suis plus inquiet par le nombre de d√©lit incestueux commis, et √ßa par contre, tout le monde s'en tape, notamment les complotiste comme toi ","la p√©dophilie de Balenciaga , personne en parle dans les m√©dias?:)"
5,DamsoCrate22,27 novembre 2022 √† 19:53:41," "" catholique "" ","la p√©dophilie de Balenciaga , personne en parle dans les m√©dias?:)"
6,Egaux,27 novembre 2022 √† 19:53:48," Les m√©dias ne sont l√† que pour donner la marche √† suivre aux gueux , Pour √ßa qu‚Äôils sont aussi obvious dans leurs clin d‚Äô≈ìil malsain, ils savent qu‚Äôil y a 0 risque apr√®s un tel conditionnement de masse ","la p√©dophilie de Balenciaga , personne en parle dans les m√©dias?:)"
7,Fenharel42,27 novembre 2022 √† 19:54:00, https://twitter.com/shoe0nhead/status/1594532715126202368 ,"la p√©dophilie de Balenciaga , personne en parle dans les m√©dias?:)"
8,JackLeVert_007,27 novembre 2022 √† 19:54:48, Oui ,"la p√©dophilie de Balenciaga , personne en parle dans les m√©dias?:)"
9,Fenharel42,27 novembre 2022 √† 19:55:06," ""bad buzz campagne pol√©mique"", c'est comme √ßa que t'appelle la p√©dophilie? une simple ""pol√©mique"" et un ""bad buzz""?  ","la p√©dophilie de Balenciaga , personne en parle dans les m√©dias?:)"
10,Istarabulator,27 novembre 2022 √† 19:55:14," J'y vois plut√¥t une tentative de faire le beuz, il n'avait pas imagin√© le rapprochement avec la p√©dophileQu'est ce que cela leur rapporterai sinon ? ","la p√©dophilie de Balenciaga , personne en parle dans les m√©dias?:)"
11,Lefeu14,27 novembre 2022 √† 19:55:30, Ha les fdp mais comme dab ils auront rien du tout  ,"la p√©dophilie de Balenciaga , personne en parle dans les m√©dias?:)"
12,EdnaTheXII,27 novembre 2022 √† 19:56:51," En m√™me temps, pour ce qui est de Balenciaga, il suffit de voir leurs v√™tements pour comprendre que c'est l'oeuvre du Malin lui m√™me  ","la p√©dophilie de Balenciaga , personne en parle dans les m√©dias?:)"
13,Fenharel42,27 novembre 2022 √† 19:57:21," donc les panda eyes c'est du hasard?les document de justice sur la p√©dophilie c'est un hasard? , ils font pas √ßa pour le pognon mais pour passer un message , √ßa se cache de moins en moins √ßa veut habituer la masse a voir ce genre de chose  ","la p√©dophilie de Balenciaga , personne en parle dans les m√©dias?:)"
14,RSAlcoolique,27 novembre 2022 √† 19:57:26," √ßa sert √† rien l'auteur, les gens sont dans le deni concernant les r√©seaux p√©do-sataniste, tu comprends c'est IMPENSABLE que leur dirigeant fasse le mal ","la p√©dophilie de Balenciaga , personne en parle dans les m√©dias?:)"
15,JackLeVert_007,27 novembre 2022 √† 19:57:44," Crist√≥bal Balenciaga Eizaguirre, basque de souche, fervent catholique pratiquanthttps://www.nova.fr/news/cristobal-balenciaga-pretre-de-la-mode-14433-28-02-2017/ ","la p√©dophilie de Balenciaga , personne en parle dans les m√©dias?:)"
16,William_MINERVA,27 novembre 2022 √† 19:57:44, quel rapport avec les yeux de la peluche ?  ,"la p√©dophilie de Balenciaga , personne en parle dans les m√©dias?:)"
17,PauvreIdiot,27 novembre 2022 √† 19:57:55, C'est quoi les yeux de la peluche ? ,"la p√©dophilie de Balenciaga , personne en parle dans les m√©dias?:)"
18,Peliculiar,27 novembre 2022 √† 19:58:26, Ils en ont parl√© dans Quotidien je crois. ,"la p√©dophilie de Balenciaga , personne en parle dans les m√©dias?:)"
19,Egaux,27 novembre 2022 √† 19:58:37, Ou que le v√™tement n‚Äôest pas le produit principal mais plut√¥t ce qui peut repr√©senter un ¬´¬†package¬†¬ª  ,"la p√©dophilie de Balenciaga , personne en parle dans les m√©dias?:)"
0,jeune_arbre,29 novembre 2022 √† 09:38:58," https://www.20minutes.fr/nantes/4010216-20221117-nantes-nouveau-parking-velos-geant-gare-entache-trop-nombreux-vols, ¬´ Attention, vols de v√©lo fr√©quents ! ¬ª Depuis quelques jours, les usagers de la Cyclo station, √† Nantes, sont pr√©venus. S‚Äôils d√©cident d‚Äôattacher leur deux-roues dans ce grand parking ouvert de 700 places, situ√© tout pr√®s de la gare SNCF, pas s√ªr qu‚Äôils le retrouveront √† leur retour. Las d‚Äôalerter la m√©tropole sur les fr√©quents vols et d√©gradations constat√©s sous l‚Äô√©quipement, l‚Äôassociation Place au v√©lo a r√©cemment affich√© de petits messages d‚Äôalerte sur place. ¬´ Nous constatons de trop nombreux vols, et en augmentation, en accord avec la tendance nationale, se d√©sole Annie-Claude Thiolat, la pr√©sidente. Il y a un an, on √©tait satisfaits de cet am√©nagement qui est exceptionnel par sa capacit√© et sa proximit√© avec la gare. C‚Äôest un beau parking mais entach√© par des conditions de s√©curit√© et de surveillance qui ne sont pas r√©unies. ¬ª ",NANTES ouvre un PARKING √† VELOS GEANTS : les VOLEURS y font leur MARCHE
1,AnjouAstral46,29 novembre 2022 √† 09:39:26, Naoned comme on dit en breton ,NANTES ouvre un PARKING √† VELOS GEANTS : les VOLEURS y font leur MARCHE
2,Galvao,29 novembre 2022 √† 09:39:29, Nanted ,NANTES ouvre un PARKING √† VELOS GEANTS : les VOLEURS y font leur MARCHE
3,Akas3n,29 novembre 2022 √† 09:40:12, Faut √™tre sacr√©ment con / cr√©dule pour laisser son v√©lo ici aussi ,NANTES ouvre un PARKING √† VELOS GEANTS : les VOLEURS y font leur MARCHE
4,MacronZeBoss,29 novembre 2022 √† 09:40:19, Nantes.   ,NANTES ouvre un PARKING √† VELOS GEANTS : les VOLEURS y font leur MARCHE
5,PasDeBolLeLow6,29 novembre 2022 √† 09:40:22," Qu'ils regardent sur LBC, ils retrouveront tout les v√©los en vente dessus.  ",NANTES ouvre un PARKING √† VELOS GEANTS : les VOLEURS y font leur MARCHE
6,trapo,29 novembre 2022 √† 09:40:24, nanted ,NANTES ouvre un PARKING √† VELOS GEANTS : les VOLEURS y font leur MARCHE
7,White-Rock,29 novembre 2022 √† 09:40:52, Toujours des infos √©tonNantes  ,NANTES ouvre un PARKING √† VELOS GEANTS : les VOLEURS y font leur MARCHE
8,jeune_arbre,29 novembre 2022 √† 09:41:06, oui mais comment tu le r√©cup√®re  ,NANTES ouvre un PARKING √† VELOS GEANTS : les VOLEURS y font leur MARCHE
9,NeutrinoBC4,29 novembre 2022 √† 09:41:21, Faut √™tre sacr√©ment con pour poss√©der quelque chose √† Nantes  ,NANTES ouvre un PARKING √† VELOS GEANTS : les VOLEURS y font leur MARCHE
10,TibiaDeKaki,29 novembre 2022 √† 09:41:47," Les gens qui votent √† gauche m√©ritent de patauger dans la merde qu'ils ont cr√©√©, Total soutien aux chances ",NANTES ouvre un PARKING √† VELOS GEANTS : les VOLEURS y font leur MARCHE
11,Doblin,29 novembre 2022 √† 09:42:18, T'es s√ªr ? ,NANTES ouvre un PARKING √† VELOS GEANTS : les VOLEURS y font leur MARCHE
12,kakatropic005,29 novembre 2022 √† 09:42:51," C'est fou quand m√™me, je suis en Cor√©e je laisse mon v√©lo personne n'aura l'id√©e de le velo, moi pareil  , En vivant ici je me rend compte √† quel point √ßa complique tout la situation de la France, sur tous les domaines., Un parking ? faut des gardiens sinon √ßa p√®teDes travaux ? faut des gardiens sinon vol du materielDes velos ? Faut des gardiens sinon ils iront en afrique , M√™me pour laisser poser des objets faut payer en France  ",NANTES ouvre un PARKING √† VELOS GEANTS : les VOLEURS y font leur MARCHE
13,CalcioStorico,29 novembre 2022 √† 09:43:19, Dieu se rit des gens qui d√©plorent les cons√©quences dont ils ch√©rissent les causes. ,NANTES ouvre un PARKING √† VELOS GEANTS : les VOLEURS y font leur MARCHE
14,Radiateur500W,29 novembre 2022 √† 09:43:19, Premier low qui pense pouvoir r√©cup√©rer son v√©lo sur lbc √áa part directement au Maghreb maintenant  ,NANTES ouvre un PARKING √† VELOS GEANTS : les VOLEURS y font leur MARCHE
15,Z402,29 novembre 2022 √† 09:45:31, Vigile ou flic √† Nantes un m√©tier d'avenir  ,NANTES ouvre un PARKING √† VELOS GEANTS : les VOLEURS y font leur MARCHE
16,zadee,29 novembre 2022 √† 09:45:33, La dichotomie de ces tar√©s qui consiste a implanter des fonctionnalit√©s bas√©es sur le civisme des gens tout en important massivement des populations primitives du tiers monde   ,NANTES ouvre un PARKING √† VELOS GEANTS : les VOLEURS y font leur MARCHE
17,AntoineFandePS3,29 novembre 2022 √† 09:46:16, C'est trop compliqu√© de poster des flics discrets puis choper les voleurs sur le tas ?  ,NANTES ouvre un PARKING √† VELOS GEANTS : les VOLEURS y font leur MARCHE
18,imelon,29 novembre 2022 √† 09:47:21, Nanted ,NANTES ouvre un PARKING √† VELOS GEANTS : les VOLEURS y font leur MARCHE
19,zinzin_malin1,29 novembre 2022 √† 09:47:54, NANTES ! ,NANTES ouvre un PARKING √† VELOS GEANTS : les VOLEURS y font leur MARCHE
0,Jeanculasec1er,29 novembre 2022 √† 08:34:03, https://twitter.com/CNEWSEWS/status/1597473379950501889titre   ,Paris : Un rat sort de la manche
1,Jeanculasec1er,29 novembre 2022 √† 08:34:39," Paris : interrog√©e par CNews alors qu‚Äôelle sort du m√©tro, un rat sort de sa manche  ",Paris : Un rat sort de la manche
2,Anyny_Wonky,29 novembre 2022 √† 08:36:02, Il n'avait pas √† faire √ßa on est d'accord. ,Paris : Un rat sort de la manche
3,Vener44,29 novembre 2022 √† 08:36:16, Oui mais au moins ils ont le m√©tro et la tour Eiffel  ,Paris : Un rat sort de la manche
4,yixoh38014,29 novembre 2022 √† 08:37:25, Ahi cet enfer  ,Paris : Un rat sort de la manche
5,Holdenolebeau,29 novembre 2022 √† 08:37:44, Paris  ,Paris : Un rat sort de la manche
6,CouillesLisses,29 novembre 2022 √† 08:38:25, On dit surmulot  ,Paris : Un rat sort de la manche
7,Asska,29 novembre 2022 √† 08:39:18, Le titre est malheureusement nofake ,Paris : Un rat sort de la manche
8,TrevorSomething,29 novembre 2022 √† 08:39:50, On en parle de la r√©action du journaliste? Au moindre comportement sortant de l'ordinaire ils prennent les gens pour des fous. Il allait couper l'entretient avec cette dame en pensant qu'elle √©tait folle  ,Paris : Un rat sort de la manche
9,TontonJVC1,29 novembre 2022 √† 08:40:04, Comment font les provinciaux pour vivre ailleurs ? Ici √† Paris on a le m√©tro et la tour eiffel ,Paris : Un rat sort de la manche
10,Jeanculasec1er,29 novembre 2022 √† 08:40:11,  ,Paris : Un rat sort de la manche
11,TrevorSomething,29 novembre 2022 √† 08:40:33, Et les rats  ,Paris : Un rat sort de la manche
12,BalaiAFranges,29 novembre 2022 √† 08:41:24," Et la commission europ√©enne veut interdire les pi√®ges √† rat , Le nombre de rats surmulots c'est surtout √† cause des gros d√©gueulasses qui jettent de la bouffe et leurs d√©chets par terre ",Paris : Un rat sort de la manche
13,chevre_mutante2,29 novembre 2022 √† 08:43:19," Voil√†, c'est √ßa que j'ai trouv√© le plus insolite  , + une fois qu'il a comprit ce qu'il se passait, √ßa √† fait 180¬∞ dans sa tete, bien √©videmment  ",Paris : Un rat sort de la manche
14,Jeanculasec1er,29 novembre 2022 √† 08:43:35,  ,Paris : Un rat sort de la manche
15,Natsuki-A-Nice,29 novembre 2022 √† 08:44:48, Le journalisme en 2022. ,Paris : Un rat sort de la manche
16,Hyponyme,29 novembre 2022 √† 08:45:10," Une souris, pas un rat. D√©j√†., C'est s√ªrement une esp√®ce de SDF la dame aussi. ",Paris : Un rat sort de la manche
17,spoiltwds11,29 novembre 2022 √† 08:46:27, ville de lumi√®re ,Paris : Un rat sort de la manche
18,Larmes-Belge,29 novembre 2022 √† 08:46:30, C‚Äôest surtout pas une mise en sc√®ne hein ?  ,Paris : Un rat sort de la manche
19,Bocolom,29 novembre 2022 √† 08:47:42, Incroyable ce tour de magie ,Paris : Un rat sort de la manche
0,HommeFraiseBG10,10 octobre 2022 √† 15:10:42," Merci de pas delete les modos, vous avez supprim√© le topic original !  ",[ALERTE] Russie/Ukraine‚Ä¶ Suite/suite
1,Proutinix,10 octobre 2022 √† 15:11:31, Y a avait pas 10e PayPal pour une Vive la Lituanie libre en premi√®re page? ,[ALERTE] Russie/Ukraine‚Ä¶ Suite/suite
2,Troll_Sage_6,10 octobre 2022 √† 15:12:34, Vive l'Ukraine  ,[ALERTE] Russie/Ukraine‚Ä¶ Suite/suite
3,KOL245,10 octobre 2022 √† 15:12:44, Jifu  ,[ALERTE] Russie/Ukraine‚Ä¶ Suite/suite
4,HommeFraise,10 octobre 2022 √† 15:13:10, On va jamais y arriver  ,[ALERTE] Russie/Ukraine‚Ä¶ Suite/suite
5,Pedrieche,10 octobre 2022 √† 15:13:25, Slava Ukraini  ,[ALERTE] Russie/Ukraine‚Ä¶ Suite/suite
6,HommeFraise,10 octobre 2022 √† 15:13:32, Evidemment  ,[ALERTE] Russie/Ukraine‚Ä¶ Suite/suite
7,OffensiveRusse,10 octobre 2022 √† 15:13:37, Ca fait beaucoup de topics l√†  ,[ALERTE] Russie/Ukraine‚Ä¶ Suite/suite
8,Framero,10 octobre 2022 √† 15:13:45, Slava ukraini  !!!   ,[ALERTE] Russie/Ukraine‚Ä¶ Suite/suite
9,Klaus-Schwab,10 octobre 2022 √† 15:13:51, Les proutinix  ,[ALERTE] Russie/Ukraine‚Ä¶ Suite/suite
10,HommeFraise,10 octobre 2022 √† 15:13:59, Bah je sais pas pk les modos ont supprim√© l'original ,[ALERTE] Russie/Ukraine‚Ä¶ Suite/suite
11,,, Soutien aux Ukrainiens  ,[ALERTE] Russie/Ukraine‚Ä¶ Suite/suite
12,LaFukai,10 octobre 2022 √† 15:14:06, first page ,[ALERTE] Russie/Ukraine‚Ä¶ Suite/suite
13,HommeFraise,10 octobre 2022 √† 15:14:32, Total et absolu !  ,[ALERTE] Russie/Ukraine‚Ä¶ Suite/suite
14,bananpoo,10 octobre 2022 √† 15:14:33,  ,[ALERTE] Russie/Ukraine‚Ä¶ Suite/suite
15,Pteranobite,10 octobre 2022 √† 15:14:50, Resumax du week end?  ,[ALERTE] Russie/Ukraine‚Ä¶ Suite/suite
16,The_Chazz,10 octobre 2022 √† 15:14:55, Vive la lithuanie  ,[ALERTE] Russie/Ukraine‚Ä¶ Suite/suite
17,Framero,10 octobre 2022 √† 15:15:10, √Ä bas proutine   ,[ALERTE] Russie/Ukraine‚Ä¶ Suite/suite
18,Ioiqdhsjk,10 octobre 2022 √† 15:15:16, Supprimed. ,[ALERTE] Russie/Ukraine‚Ä¶ Suite/suite
19,nausicaa104,10 octobre 2022 √† 15:15:21," La vie d'inna an√©anti,   ",[ALERTE] Russie/Ukraine‚Ä¶ Suite/suite
0,CurveDAO,29 novembre 2022 √† 00:55:27," putain comment n√©gocier, sachant que je suis leur n¬∞1 dans le processus d'embauche en dessous de 42k je n'accepte pas  ",Fourchette salaire ING√â 27k-37k
1,gomugomunostyle,29 novembre 2022 √† 00:56:53," ""je n'accepterai pas en dessous de 42k"" topic clos ",Fourchette salaire ING√â 27k-37k
2,FouneVelue,29 novembre 2022 √† 00:57:16," Faut avoir plusieurs offres et faire jouer les ench√®res , Sinon go accepter et barre toi au bout d‚Äôun an. Y a que comme √ßa qu‚Äôon augmente vite ",Fourchette salaire ING√â 27k-37k
3,CurveDAO,29 novembre 2022 √† 00:57:24, faut le dire cash ou apr√®s une s√©rie d'arguments? pas trop risqu√© ? ,Fourchette salaire ING√â 27k-37k
4,_[Blackdream]_,29 novembre 2022 √† 00:58:37, et pourquoi pas? ,Fourchette salaire ING√â 27k-37k
5,CurveDAO,29 novembre 2022 √† 00:58:53, j'en ai une √† 42k comment √ßa m'aide?  ,Fourchette salaire ING√â 27k-37k
6,jerrix,29 novembre 2022 √† 00:59:50," accepte pas en desssous de 42k, je suis a 45 k, √ßa me fait du 2600 net ",Fourchette salaire ING√â 27k-37k
7,ELRAPIDO9,29 novembre 2022 √† 01:00:25," les mecs, vous √™tes pas ing√©nieur en physique quantique √† un moment accepter ce qu'on vous donne ",Fourchette salaire ING√â 27k-37k
8,CurveDAO,29 novembre 2022 √† 01:00:55, tu as trouv√© o√π?  ,Fourchette salaire ING√â 27k-37k
9,CurveDAO,29 novembre 2022 √† 01:01:22, non ing√© en IA  ,Fourchette salaire ING√â 27k-37k
10,TheFourchette_,29 novembre 2022 √† 01:02:54, Mouais... ,Fourchette salaire ING√â 27k-37k
11,CurveDAO,29 novembre 2022 √† 01:08:36, up ,Fourchette salaire ING√â 27k-37k
12,esclavedociles,29 novembre 2022 √† 01:10:26, Perso inge en ia 32k net Par contre j'ai n√©gocier rupture conventionnelle  au bout de 6 mois pour avoir le ch√¥mage ,Fourchette salaire ING√â 27k-37k
13,gomugomunostyle,29 novembre 2022 √† 01:10:46, en vrai j'en sais rien je suis encore un c√©lestin dans ses √©tudes mais bon courage ,Fourchette salaire ING√â 27k-37k
14,Barakouda8,29 novembre 2022 √† 08:06:16, Tu dit que tu est demander dans d'autres bo√Ætes ,Fourchette salaire ING√â 27k-37k
15,Abdel_Von_Musel,29 novembre 2022 √† 08:10:15, Quelle √©cole ? Polytech ? ,Fourchette salaire ING√â 27k-37k
16,CurveDAO,29 novembre 2022 √† 08:16:17, up ,Fourchette salaire ING√â 27k-37k
17,CurveDAO,29 novembre 2022 √† 08:27:23, up ,Fourchette salaire ING√â 27k-37k
18,LZ10,29 novembre 2022 √† 08:29:15," Mais vous avez le dipl√¥me d'ing√©nieur et vous continuez de taffer en France, selectioned ",Fourchette salaire ING√â 27k-37k
19,JEFUXnt,29 novembre 2022 √† 08:30:06," Perso, ing√© aussi et je viens d'avoir mon premier salaire de 51k en province , En voyant ce que l'√©tat me vole Je pourrais plus demander en dessous  sachant que j'√©tais partie comme toi pour un salaire de 42k mini ",Fourchette salaire ING√â 27k-37k
0,Jepetesapue,29 novembre 2022 √† 00:35:41, c'est vrai ? ,les TATOUAGES sont un marqueur SOCIAL
1,Jepetesapue,29 novembre 2022 √† 00:38:51, tatouage Tribal sur Aur√©lien 31 ans employ√© marketing ,les TATOUAGES sont un marqueur SOCIAL
2,Jepetesapue,29 novembre 2022 √† 00:39:55," tatouages de taulard sur les avants-bras sur Damien 28 ans, employ√© √† l'accueil d'une banque ",les TATOUAGES sont un marqueur SOCIAL
3,jdillaaaa,29 novembre 2022 √† 00:40:00, tatouage ce qu'on veut sur qui veut en fait le rageux   ,les TATOUAGES sont un marqueur SOCIAL
4,Jepetesapue,29 novembre 2022 √† 00:40:30, c'est pour qu'on te remarque l'aw ,les TATOUAGES sont un marqueur SOCIAL
5,ArianaBezMoiPTN,29 novembre 2022 √† 00:40:36, √áa permet de reconna√Ætre les k sos ,les TATOUAGES sont un marqueur SOCIAL
6,Ban40lechoncle,29 novembre 2022 √† 00:41:28, https://www.youtube.com/watch?v=TvEXAV1AQqI ,les TATOUAGES sont un marqueur SOCIAL
7,PoingsDeGzuz,29 novembre 2022 √† 00:41:34," C'est un panneau qui signifie ""ahuri caract√©riel et consum√©riste""  ",les TATOUAGES sont un marqueur SOCIAL
8,Jepetesapue,29 novembre 2022 √† 00:42:45, tu as raison ,les TATOUAGES sont un marqueur SOCIAL
9,Jepetesapue,29 novembre 2022 √† 00:44:42," ""le tatouage c'est une affirmation de soi""donc tu es tellement vide que t'as besoin de te dessiner un truc sur la peaules vrais hommes ont leur tatouage dans la t√™te ",les TATOUAGES sont un marqueur SOCIAL
10,EzeSoldier,29 novembre 2022 √† 00:45:56," Les kheys 0 tout, puceaux de la bise qui parlent de marqueur social alors qu'ils portent ces chaussures : , changez rien  ",les TATOUAGES sont un marqueur SOCIAL
11,Jepetesapue,29 novembre 2022 √† 00:46:15," bizarre le message s'est fait supprimer, qqn se sent concern√© ? ",les TATOUAGES sont un marqueur SOCIAL
12,Jepetesapue,29 novembre 2022 √† 00:46:29, on s'habille pas tous comme toi ,les TATOUAGES sont un marqueur SOCIAL
13,Bar-mitzvah,29 novembre 2022 √† 00:46:43, Les pucix du 18-25 compl√®tent bloqu√©s en 2000 Allez dans certains pays notamment en Am√©rique du Sud ils sont TOUS tatou√©s ,les TATOUAGES sont un marqueur SOCIAL
14,PASHA_CARTIER,29 novembre 2022 √† 00:46:48, Les tatou√©s sont vex√©s  ,les TATOUAGES sont un marqueur SOCIAL
15,Iscarolot,29 novembre 2022 √† 00:47:14," Pas forc√©ment, j'en ai un cach√© et c'est une connerie avec ma bande de pote ",les TATOUAGES sont un marqueur SOCIAL
16,Jepetesapue,29 novembre 2022 √† 00:47:37, premier low ,les TATOUAGES sont un marqueur SOCIAL
17,EzeSoldier,29 novembre 2022 √† 00:47:57," Laisse tomber, pour eux la danse c'est un truc de femme ou de gay Y'a rien √† sauver chez eux  ",les TATOUAGES sont un marqueur SOCIAL
18,CardinalBatard,29 novembre 2022 √† 00:48:40," Personnellement je suis full tatou√© sur dos,cuisse et bassin. , Impossible de le savoir si je ne suis pas totalement a poil   ",les TATOUAGES sont un marqueur SOCIAL
19,Jepetesapue,29 novembre 2022 √† 00:48:44, non c'est bien la danse ,les TATOUAGES sont un marqueur SOCIAL
0,VamosJuventus,29 novembre 2022 √† 09:13:02," Perso :  Ne pas avoir assez boss√© au lyc√©e pour faire des √©tudes d'architecte (domaine qui me passionne m√™me encore aujourd'hui)  Ne pas avoir eu les couilles avant de proposer √† une meuf de sortir avec moi (  ) , Je vous √©coute les kheys  ",Votre plus gros regret dans la vie ?
1,salanderrr,29 novembre 2022 √† 09:14:29," Pareil, m‚Äô√™tre gour√©e dans mes √©tudes + avoir perdu du temps avec des cassos. ",Votre plus gros regret dans la vie ?
2,VamosJuventus,29 novembre 2022 √† 09:16:54," Je r√©ussis mes √©tudes maintenant avec une excellente moyenne mais je sais que c'est un bullshit job je suis destin√© √† devenir chez de projet dans le num√©rique  C'est terrible quand j'y pense, je pourrais avoir mon dipl√¥me d'archi maintenant et terminer ma derni√®re ann√©e pour obtenir ma ma√Ætrise d'oeuvre  ",Votre plus gros regret dans la vie ?
3,salanderrr,29 novembre 2022 √† 09:18:11, √áa va t‚Äôas une bonne carri√®re devant toi. Ton taf te passionne pas ? ,Votre plus gros regret dans la vie ?
4,artistepenseur,29 novembre 2022 √† 09:20:29," N'avoir connu qu'une femme en 10 ans,L'impression d'avoir un trouble 10 ans dans le CV, d'avoir perdu ce temps que je ne rattraperai jamais ",Votre plus gros regret dans la vie ?
5,VamosJuventus,29 novembre 2022 √† 09:21:06, Oui et non j'aime bien ce que je fais mais plus je travaille et plus je me dit que mon taffe ne sert √† rien. Et je me dit aussi que dans un futur proche on va tr√®s probablement devenir useless. Avec l'arriv√©e de l'IA et les solutions qui permettent de cr√©er des sites sans avoir besoin d'une agence font qu'il y a de moins en moins besoin de nous  ,Votre plus gros regret dans la vie ?
6,SageClairvoyant,29 novembre 2022 √† 09:21:36, Avoir toujours √©cout√© mes parents et les autres pour mes choix de vie ,Votre plus gros regret dans la vie ?
7,Neime,29 novembre 2022 √† 09:22:19," Ne pas avoir fait les √©tudes que je voulais faire, avoir c√©d√© aux caprices de ma m√®re. ",Votre plus gros regret dans la vie ?
8,Moine-Samourai,29 novembre 2022 √† 09:22:25," L'√©cole comme la majorit√© des mecs qui ont un cerveau et qui se sont retrouv√© dans un boulot de nobrain.,  ",Votre plus gros regret dans la vie ?
9,oracleDissou41,29 novembre 2022 √† 09:23:16," Pour l'architecture, je dirais que c'est tr√®s comp√©titif comme secteur, tu peux toujours t'y int√©resser en passion , Pour les meufs, essaye de pas reproduire  , Moi je dirais juste l'anglais, je suis nul m√™me si j'ai commenc√© √† bien le bosser l√†  , J'ai toujours repouss√© le truc et l√† √ßa commence √† me bloquer pour des opportunit√©s professionnelles  ",Votre plus gros regret dans la vie ?
10,SamusArrete,29 novembre 2022 √† 09:23:36, J'ai l'impression d'avoir fait du mieux que je pouvais avec les cartes que j'avais  ,Votre plus gros regret dans la vie ?
11,VamosJuventus,29 novembre 2022 √† 09:23:41, C'est fou le nombre qu'on est √† regrett√© nos choix scolaires que ce soit le manque de boulot ou l'orientation  On a vraiment 0 de Qi au lyc√©e  ,Votre plus gros regret dans la vie ?
12,pseudo312,29 novembre 2022 √† 09:24:29," J'aurais peut-√™tre pr√©f√©r√© √©tudier un domaine de m√©tier artisanal type horloger, sculpteur, cordonnier, vitrailiste, etc , car une fois que tu te lances dans le tertiaire dream, t'es un peu foutu, n√©anmoins je suis assez satisfait de ma vie actuelle, m√™me si elle n'a rien de fameux ",Votre plus gros regret dans la vie ?
13,Goyokin06,29 novembre 2022 √† 09:24:45, √ätre n√© ,Votre plus gros regret dans la vie ?
14,Hasimir-Fenring,29 novembre 2022 √† 09:25:15," Ma vie est une longue succession de regrets , il y en a trop pour pouvoir les √©num√©rer... ",Votre plus gros regret dans la vie ?
15,Introverti93,29 novembre 2022 √† 09:25:27," √ätre perdu dans ma vie au final car rien ne me plait, J'attends qu'une chose c'est de trouver ma voie scolaire (le master qui me faut ou une r√©orientation) et par la m√™me occasion ma voie pro..., L√† √ßa va faire une semaine j'ai rien parce que j'ai arr√™t√© mon alternance (donc pas de chomage) je d√©prime totalement ",Votre plus gros regret dans la vie ?
16,VamosJuventus,29 novembre 2022 √† 09:27:21," Oui khey la journ√©e d'hier m'a ouvert les yeux. Cf : https://www.jeuxvideo.com/forums/42-51-71218366-1-0-1-0-omg-les-kheys-j-en-reviens-pas.htm, Pour l'anglais en vrai c'est pas dramatique, √ßa s'apprend bien m√™me plus vieux, et tu peux faire √ßa en dehors de ton boulot  Courage khey √ßa va le faire  ",Votre plus gros regret dans la vie ?
17,BalaiAFranges,29 novembre 2022 √† 09:29:13, Ne pas avoir eu les couilles de me battre beaucoup plus contre ma phobie sociale et ma timidit√© maladive  ,Votre plus gros regret dans la vie ?
18,VamosJuventus,29 novembre 2022 √† 09:29:33," Ca arrive khey t'en fais pas  Je suis pass√© aussi par la apr√®s le lyc√©e  SUrtout ne reste pas √† rien faire, je me suis renferm√© sur moi m√™me apr√®s un √©chec scolaire dans le sup√©rieur et j'ai fait une sorte de d√©pression pendant 6/7 mois √† force de rien foutre. C'est en allant bosser au Mc Do du coin et en retrouvant une activit√© que je me suis soign√©  Faut surtout pas rester inactif trop longtemps  ",Votre plus gros regret dans la vie ?
19,AntoineFandePS3,29 novembre 2022 √† 09:30:05, Ne pas avoir assez boss√© les maths au lyc√©e Etre rest√© timide  ,Votre plus gros regret dans la vie ?
0,APT-PURGE,13 octobre 2022 √† 11:30:41, Encore 410  ,La journ√©e de taf passe lentement
1,GauchoVener,13 octobre 2022 √† 11:31:13, Abus√© s√©rieux  ,La journ√©e de taf passe lentement
2,APT-PURGE,13 octobre 2022 √† 11:35:04," Franchement, je comprends m√™me pas pourquoi c'est 410, on parle pas de politique, on parle pas de quelque chose politiquement incorrect, on est juste des branleurs  ",La journ√©e de taf passe lentement
3,APT-PURGE,13 octobre 2022 √† 11:45:14, Du coup √ßa bide  ,La journ√©e de taf passe lentement
4,Valdivia,13 octobre 2022 √† 11:46:18, Mais l‚Äôauteur n‚Äôavait pas envoy√© un mp aux modos ?  ,La journ√©e de taf passe lentement
5,GauchoVener,13 octobre 2022 √† 11:48:48," Si justement, c'est d'autant plus √©trange  ",La journ√©e de taf passe lentement
6,Valdivia,13 octobre 2022 √† 11:49:51, √áa devient vraiment n‚Äôimporte quoi ce forum a Ddb sur tout  ,La journ√©e de taf passe lentement
7,CobidGolem16,13 octobre 2022 √† 12:01:41, Les modos  ,La journ√©e de taf passe lentement
8,James_May4,13 octobre 2022 √† 12:12:12," Bordel, pourquoi ils 410 un des seuls topax normal du forum   ",La journ√©e de taf passe lentement
9,Kiwi_inconnu,13 octobre 2022 √† 13:00:43," Il s'est pass√© quoi qui justifie le 410 ? Visiblement rien d'apr√®s les premi√®res r√©ponses √† ce topicBien dommage pour une fois qu'il y a un topic assez actif, sans que personne ne s'echarpe autour de tel ou tel sujet, ouvert √† tout ceux qu'ils le veulent...  ",La journ√©e de taf passe lentement
10,James_May4,13 octobre 2022 √† 13:34:58, Seulement 13h30. Encore au moins 3h √† tuer avant de pouvoir se barrer sans para√Ætre trop suspect   ,La journ√©e de taf passe lentement
11,CobidGolem16,13 octobre 2022 √† 13:37:38, 4h30 pour moi Heureusement que je suis en weekend ce soir  ,La journ√©e de taf passe lentement
12,GauchoVener,13 octobre 2022 √† 13:38:11," 1h30 de r√©union de service, je suis fatigu√© d'avance  ",La journ√©e de taf passe lentement
13,APT-PURGE,13 octobre 2022 √† 14:05:18," Absolument rien, c'est bien √ßa le probl√®me  ",La journ√©e de taf passe lentement
14,Sashabracadabra,13 octobre 2022 √† 14:46:23," J'ai pretext√© un d√©placement pro ce matin, r√©sultats je me suis retrouv√© 3h30 chez moi √† regarder Baki ahi et √† m'entrainer ",La journ√©e de taf passe lentement
15,DentDeGorille,13 octobre 2022 √† 14:47:28, Putain je bosse uniquement l'apr√®s-midi aujourd'hui donc j'y suis depuis 14h √† peine je me fais d√©j√† chier ayaoo la boucle  ,La journ√©e de taf passe lentement
16,James_May4,13 octobre 2022 √† 15:23:16, Mi temps  ,La journ√©e de taf passe lentement
17,Sashabracadabra,13 octobre 2022 √† 15:32:17, je me suis branl√© chez moi ,La journ√©e de taf passe lentement
18,Wayo8,13 octobre 2022 √† 16:22:36, Vivement les vacances d'√©t√©  ,La journ√©e de taf passe lentement
19,James_May4,13 octobre 2022 √† 16:30:08," Aller je me casse, bonne soir√©e l'√©lite   ",La journ√©e de taf passe lentement
0,OdellBeckham,27 novembre 2022 √† 12:23:13," Le rer ou le m√©tro qui puent la pisse, en sardine avec les boomers d√©pressifs, √† c√¥toyer la salet√© et le bruit, les sdf, les manouches qui jouent de leur merde a chaque arr√™t, les connards de parisiens qui s‚Äôembrouillent ou tirent la gueule, subir l‚Äôalarme stridente des trains avant qu‚Äôils ne partent, les putains de lyc√©ens n√©vros√©s qui gueulent entre eux comme des animaux‚Ä¶MAIS LE PIRE DEPUIS LE DEBUT D'ANNEE SCOLAIRE C'EST LES HORAIRES ET LA FREQUENCE j'ai jamais vu ca en 20 ans, il y a rien qui fonctionne sa grande race, toujours des probl√®mes chaque jour, des bus qui ont des fr√©quences fam√©liques, il faut partir une 1h en avance pour avoir une chance d‚Äô√™tre a l'heure...Le mythe sur les transports parisiens c'est quel d√©lire sur ce forum? Je prefere me prendre un embouteillage sur le p√©riph√©rique que de retourner dans cet enfer, envie de tuer des gens apr√®s. ",La putain de r√©alit√© DES TRANSPORTS
1,10h44,27 novembre 2022 √† 12:24:20," d√©sol√© mais on habite pas tous en r√©gion parisienne, donc ta situation pourrie nous concerne pas forc√©ment ",La putain de r√©alit√© DES TRANSPORTS
2,lamCons0mateurC,27 novembre 2022 √† 12:25:50," Hier soir quand j‚Äôai pris le m√©tro , L‚Äôenfer  ",La putain de r√©alit√© DES TRANSPORTS
3,OdellBeckham,27 novembre 2022 √† 12:36:22, Je parle √©videmment de la r√©gion parisienne oui ,La putain de r√©alit√© DES TRANSPORTS
4,Deliveroo,27 novembre 2022 √† 12:37:22," A Lyon √ßa fonctionne tr√®s bien et les transports sont propres, compar√©s √† Paris. ",La putain de r√©alit√© DES TRANSPORTS
5,takethatvlad,27 novembre 2022 √† 12:40:11," Ouais c'est franchement horrible...jamais vu √ßa depuis mon arriv√©e ici y a 4 ans, Heureusement que cette ann√©e mon alternance et mon √©cole sont dans le m√™me arrdt que mon studio...., De 2020 √† 2022 mon alternance √©tait √† Rueil Malmaison et j'habitais vers Daumesnil. Je l'ai √©chapp√© belle... ",La putain de r√©alit√© DES TRANSPORTS
6,OdellBeckham,27 novembre 2022 √† 12:47:41," J'en doute pas, el famoso meilleur r√©seau du monde, bah putain je veux pas prendre les transports dans les pays. Ca ressemble a quoi? Faut 4h pour arriver a destinations?, Imagine l'angoisse quand tu veux juste rentrer chez toi apr√©s une dur journ√©e et que tu descends dans la station pour voir une horde humaine bloqu√© qui attend le prochain train...sah quel plaisir... ",La putain de r√©alit√© DES TRANSPORTS
7,Crash_Woah,27 novembre 2022 √† 12:48:11," J'ai de nombreux probl√®mes de trains ses derniers temps, il ne faut pas habiter en bout de ligne, elles sont progressivement d√©laiss√©s (probl√®mes r√©currents, il n'y a plus d'accueil ou d'agents permanents mais des agents mobiles alors que la r√©gion s'accro√Æt) ce qui n'est pas en ad√©quation avec la politique de repeuplement de l'arri√®re banlieue.Ensuite la ligne E qui est ferm√©e   , Mais bon, la plupart du temps c'est d√ª aux travaux (JO ?) donc je relativise un peu, c'est du d√©veloppement, mais parfois il y a des petits gens sur les voix et l√† bonjour la merde. ",La putain de r√©alit√© DES TRANSPORTS
8,OdellBeckham,27 novembre 2022 √† 13:10:21," Les travaux oui mais l√† c'est pas possible, a 17h les gens sur les voies a Gare du Nord c'est pas possible, un seul retard sur cette ligne et tu va vivre un enfer.Je parlerai meme pas des malaise ou suicide a Vincennes ou Chatelet, l√† ton RER A tu va l'attendre longtemps et bonne chance pour monter dans la ligne 4 vers Chatelet √©galement en heure de pointe, 1 fois sur 2 tu va ressentir le plaisir de la sardine., Nonobstant merci pour les bus qui sont en sous effectif √©galement, j'imagine que c'est aussi pour les JO  ",La putain de r√©alit√© DES TRANSPORTS
9,OdellBeckham,27 novembre 2022 √† 16:29:18, Et le Pass va augmenter en plus??? LA LOGIQUE??? ,La putain de r√©alit√© DES TRANSPORTS
10,FRAGILIUXx-REY,27 novembre 2022 √† 16:30:37, l'op qui d√©couvre la vie ,La putain de r√©alit√© DES TRANSPORTS
11,yixoh38014,27 novembre 2022 √† 16:30:43, Vu que √ßa passe OKLM √† sec sans vaseline autant se faire plaiz.  ,La putain de r√©alit√© DES TRANSPORTS
12,LeBien,27 novembre 2022 √† 16:32:14, Btg ? On prend pas la voiture parce que n√©cessaire. On la prend parce que c‚Äôest un putain de confort compar√© aux TC de ce shithole. ,La putain de r√©alit√© DES TRANSPORTS
13,JohnathanIngram,27 novembre 2022 √† 16:41:22, D'accord mais t'as d√©j√† pris les transports dans ce pays? L√† c'est m√™me pas enfoncer une porte ouverte c'est passer sous une arche  ,La putain de r√©alit√© DES TRANSPORTS
14,PlaiderLimite,27 novembre 2022 √† 16:42:18," Le E cette ligne des enfers putain, Depuis 2014 tous les √©t√©s tu te retrouves avec un train qui ne dessert plus Saint Lazare ni GDN, qui passe une fois par 30 mn voire par heure et qui s'arr√™te de rouler √† 23h30 , La surprise cette ann√©e, c'est qu'on est en Novembre et que les trains eux sont toujours en horaires d'√©t√©  , Et puis il faut en parler des trains, des merguez sur rail fatigu√©es, jaunies avec la peinture qui commence √† se barrer. Les nouvelles rames accusent retard sur retard, et de toutes fa√ßons elles seront dans le m√™me √©tat vu que la SNCF ne conna√Æt pas la notion de maintenance pr√©ventive ",La putain de r√©alit√© DES TRANSPORTS
15,0exclups4etps5,27 novembre 2022 √† 16:42:44, Go permi ,La putain de r√©alit√© DES TRANSPORTS
16,GIO1028,27 novembre 2022 √† 16:43:37," https://www.youtube.com/watch?v=yQefrP1nunE, Le RER sah what a pleasurents 75,20 euros mensuels bien investients  ",La putain de r√©alit√© DES TRANSPORTS
17,PlaiderLimite,27 novembre 2022 √† 16:47:43, Digne du tiers monde qu'on devient   ,La putain de r√©alit√© DES TRANSPORTS
18,OlPacina,27 novembre 2022 √† 16:48:04," √† mtpplr est.pareil, trams constamment bond√©s et chaque fois une couille depuis le debut de l'annee scolaire ",La putain de r√©alit√© DES TRANSPORTS
19,OdellBeckham,27 novembre 2022 √† 17:48:17, https://www.youtube.com/watch?v=4kgSHUgbWKg  ,La putain de r√©alit√© DES TRANSPORTS
